titulo,link
Three Inverse Laws of AI,https://susam.net/inverse-laws-of-robotics.html
Show HN: Explore color palettes inspired by 3000 master painter artworks,https://paletteinspiration.com/
GLM-5V-Turbo: Toward a Native Foundation Model for Multimodal Agents,https://arxiv.org/abs/2604.26752
Show HN: Airbyte Agents – context for agents across multiple data sources,item?id=48023496
Google Chrome silently installs a 4 GB AI model on your device without consent,https://www.thatprivacyguy.com/blog/chrome-silent-nano-install/
"Past Ferrari Models, 1947–2023",https://www.ferrari.com/en-US/auto/past-model
When everyone has AI and the company still learns nothing,https://www.robert-glaser.de/when-everyone-has-ai-and-the-company-still-learns-nothing/
Should I Run Plain Docker Compose in Production in 2026?,https://distr.sh/blog/running-docker-in-production/
Xbox CEO ends Copilot AI development and overhauls leadership,https://www.dexerto.com/gaming/xbox-ceo-ends-copilot-ai-development-overhauls-leadership-3361353/
